timestamp_utc,source,client_ip,warhead_mol,linker_mol,ligase_mol,protac_mol,protac_smiles
2026-05-19T07:49:50.806504Z,web,127.0.0.1,"Molecule from ChemDoodle Web Components

http://www.ichemlabs.com
 12 12  0  0  0  0            999 V2000
   -0.1112   -1.1271    0.0000 C   0  0  0  0  0  0
   -1.5073   -1.6761    0.0000 C   0  0  0  0  0  0
   -2.6806   -0.7416    0.0000 C   0  0  0  0  0  0
   -2.4581    0.7418    0.0000 C   0  0  0  0  0  0
   -1.0621    1.2907    0.0000 C   0  0  0  0  0  0
    0.1112    0.3563    0.0000 C   0  0  0  0  0  0
    1.5071    0.9053    0.0000 C   0  0  0  0  0  0
    2.6805   -0.0291    0.0000 C   0  0  0  0  0  0
    2.4581   -1.5125    0.0000 O   0  0  0  0  0  0
    4.0766    0.5199    0.0000 R1  0  0  0  0  0  0
   -3.6315    1.6762    0.0000 Cl  0  0  0  0  0  0
   -4.0766   -1.2906    0.0000 Cl  0  0  0  0  0  0
  1  2  2  0  0  0  0
  2  3  1  0  0  0  0
  3  4  2  0  0  0  0
  4  5  1  0  0  0  0
  5  6  2  0  0  0  0
  6  7  1  0  0  0  0
  7  8  1  0  0  0  0
  8  9  2  0  0  0  0
  8 10  1  0  0  0  0
  4 11  1  0  0  0  0
  3 12  1  0  0  0  0
  6  1  1  0  0  0  0
M  END","Molecule from ChemDoodle Web Components

http://www.ichemlabs.com
 22 21  0  0  0  0            999 V2000
    9.3240   -0.1305    0.0000 N   0  0  0  0  0  0
    8.0038    0.5816    0.0000 C   0  0  0  0  0  0
    6.7270   -0.2057    0.0000 C   0  0  0  0  0  0
    6.7704   -1.7050    0.0000 O   0  0  0  0  0  0
    5.4068    0.5064    0.0000 N   0  0  0  0  0  0
    4.1300   -0.2809    0.0000 C   0  0  0  0  0  0
    2.8098    0.4312    0.0000 C   0  0  0  0  0  0
    2.7664    1.9306    0.0000 O   0  0  0  0  0  0
    1.5330   -0.3561    0.0000 N   0  0  0  0  0  0
    0.2128    0.3560    0.0000 C   0  0  0  0  0  0
   -1.0640   -0.4313    0.0000 C   0  0  0  0  0  0
   -1.0206   -1.9306    0.0000 O   0  0  0  0  0  0
   -2.3842    0.2808    0.0000 N   0  0  0  0  0  0
   -3.6610   -0.5065    0.0000 C   0  0  0  0  0  0
   -4.9812    0.2056    0.0000 C   0  0  0  0  0  0
   -5.0246    1.7050    0.0000 O   0  0  0  0  0  0
   -6.2580   -0.5817    0.0000 N   0  0  0  0  0  0
   -7.5782    0.1304    0.0000 C   0  0  0  0  0  0
   -8.8550   -0.6568    0.0000 C   0  0  0  0  0  0
  -10.1752    0.0552    0.0000 O   0  0  0  0  0  0
   -8.8261   -1.6564    0.0000 R1  0  0  0  0  0  0
   10.1752    0.3943    0.0000 R2  0  0  0  0  0  0
  1  2  1  0  0  0  0
  2  3  1  0  0  0  0
  3  4  2  0  0  0  0
  3  5  1  0  0  0  0
  5  6  1  0  0  0  0
  6  7  1  0  0  0  0
  7  8  2  0  0  0  0
  7  9  1  0  0  0  0
  9 10  1  0  0  0  0
 10 11  1  0  0  0  0
 11 12  2  0  0  0  0
 11 13  1  0  0  0  0
 13 14  1  0  0  0  0
 14 15  1  0  0  0  0
 15 16  2  0  0  0  0
 15 17  1  0  0  0  0
 17 18  1  0  0  0  0
 18 19  1  0  0  0  0
 19 20  2  0  0  0  0
 19 21  1  0  0  0  0
  1 22  1  0  0  0  0
M  END","Molecule from ChemDoodle Web Components

http://www.ichemlabs.com
 42 44  0  0  0  0            999 V2000
  -11.2469    1.6985    0.0000 C   0  0  0  0  0  0
   -9.7582    1.8825    0.0000 C   0  0  0  0  0  0
   -9.1732    3.2638    0.0000 C   0  0  0  0  0  0
   -8.8545    0.6853    0.0000 C   0  0  0  0  0  0
   -7.3658    0.8694    0.0000 C   0  0  0  0  0  0
   -6.7809    2.2506    0.0000 N   0  0  0  0  0  0
   -5.2922    2.4346    0.0000 C   0  0  0  0  0  0
   -4.7072    3.8158    0.0000 O   0  0  0  0  0  0
   -4.3885    1.2374    0.0000 C   0  0  0  0  0  0
   -6.4621   -0.3279    0.0000 C   0  0  0  0  0  0
   -7.0471   -1.7091    0.0000 O   0  0  0  0  0  0
   -4.9735   -0.1438    0.0000 N   0  0  0  0  0  0
   -4.0698   -1.3411    0.0000 C   0  0  0  0  0  0
   -4.6547   -2.7223    0.0000 C   0  0  0  0  0  0
   -6.0360   -2.1373    0.0000 C   0  0  0  0  0  0
   -3.2735   -3.3073    0.0000 C   0  0  0  0  0  0
   -5.2397   -4.1035    0.0000 C   0  0  0  0  0  0
   -2.5811   -1.1570    0.0000 C   0  0  0  0  0  0
   -1.6774   -2.3543    0.0000 O   0  0  0  0  0  0
   -1.9961    0.2242    0.0000 N   0  0  0  0  0  0
   -2.7697    1.5093    0.0000 C   0  0  0  0  0  0
   -1.7866    2.6422    0.0000 C   0  0  0  0  0  0
   -2.1252    4.1035    0.0000 O   0  0  0  0  0  0
   -0.4053    2.0572    0.0000 C   0  0  0  0  0  0
   -0.5349    0.5628    0.0000 C   0  0  0  0  0  0
    0.5980   -0.4203    0.0000 C   0  0  0  0  0  0
    0.3130   -1.8930    0.0000 O   0  0  0  0  0  0
    2.0159    0.0692    0.0000 N   0  0  0  0  0  0
    3.1488   -0.9140    0.0000 C   0  0  0  0  0  0
    4.5666   -0.4245    0.0000 C   0  0  0  0  0  0
    5.6995   -1.4076    0.0000 C   0  0  0  0  0  0
    7.1174   -0.9181    0.0000 C   0  0  0  0  0  0
    4.8516    1.0482    0.0000 C   0  0  0  0  0  0
    6.2695    1.5377    0.0000 C   0  0  0  0  0  0
    7.4024    0.5545    0.0000 C   0  0  0  0  0  0
    8.8203    1.0440    0.0000 C   0  0  0  0  0  0
    9.2577    2.4789    0.0000 S   0  0  0  0  0  0
   10.7574    2.5063    0.0000 C   0  0  0  0  0  0
   11.2469    1.0884    0.0000 N   0  0  0  0  0  0
   10.0497    0.1847    0.0000 C   0  0  0  0  0  0
   10.0771   -1.3151    0.0000 C   0  0  0  0  0  0
    9.2204   -1.8308    0.0000 R2  0  0  0  0  0  0
  2  1  1  6  0  0  0
  2  4  1  0  0  0  0
  2  3  1  0  0  0  0
  5  4  1  6  0  0  0
  5 10  1  0  0  0  0
  5  6  1  0  0  0  0
  6  7  1  0  0  0  0
  7  9  1  0  0  0  0
  7  8  2  0  0  0  0
 10 12  1  0  0  0  0
 10 11  2  0  0  0  0
 13 12  1  6  0  0  0
 13 18  1  0  0  0  0
 13 14  1  0  0  0  0
 14 16  1  1  0  0  0
 14 17  1  0  0  0  0
 14 15  1  0  0  0  0
 18 20  1  0  0  0  0
 18 19  2  0  0  0  0
 20 25  1  0  0  0  0
 20 21  1  0  0  0  0
 21 22  1  0  0  0  0
 22 24  1  0  0  0  0
 22 23  1  6  0  0  0
 24 25  1  0  0  0  0
 25 26  1  1  0  0  0
 26 28  1  0  0  0  0
 26 27  2  0  0  0  0
 28 29  1  0  0  0  0
 29 30  1  0  0  0  0
 30 33  2  0  0  0  0
 30 31  1  0  0  0  0
 31 32  2  0  0  0  0
 32 35  1  0  0  0  0
 33 34  1  0  0  0  0
 34 35  2  0  0  0  0
 35 36  1  0  0  0  0
 36 40  2  0  0  0  0
 36 37  1  0  0  0  0
 37 38  1  0  0  0  0
 38 39  2  0  0  0  0
 39 40  1  0  0  0  0
 40 41  1  0  0  0  0
 41 42  1  0  0  0  0
M  END","Molecule from ChemDoodle Web Components

http://www.ichemlabs.com
 72 75  0  0  0  0            999 V2000
   -0.1112   -1.1271    0.0000 C   0  0  0  0  0  0
   -1.5073   -1.6761    0.0000 C   0  0  0  0  0  0
   -2.6806   -0.7416    0.0000 C   0  0  0  0  0  0
   -2.4581    0.7418    0.0000 C   0  0  0  0  0  0
   -1.0621    1.2907    0.0000 C   0  0  0  0  0  0
    0.1112    0.3563    0.0000 C   0  0  0  0  0  0
    1.5071    0.9053    0.0000 C   0  0  0  0  0  0
    2.6805   -0.0291    0.0000 C   0  0  0  0  0  0
    2.4581   -1.5125    0.0000 O   0  0  0  0  0  0
   -3.6315    1.6762    0.0000 Cl  0  0  0  0  0  0
   -4.0766   -1.2906    0.0000 Cl  0  0  0  0  0  0
    9.3240   -0.1305    0.0000 N   0  0  0  0  0  0
    8.0038    0.5816    0.0000 C   0  0  0  0  0  0
    6.7270   -0.2057    0.0000 C   0  0  0  0  0  0
    6.7704   -1.7050    0.0000 O   0  0  0  0  0  0
    5.4068    0.5064    0.0000 N   0  0  0  0  0  0
    4.1300   -0.2809    0.0000 C   0  0  0  0  0  0
    2.8098    0.4312    0.0000 C   0  0  0  0  0  0
    2.7664    1.9306    0.0000 O   0  0  0  0  0  0
    1.5330   -0.3561    0.0000 N   0  0  0  0  0  0
    0.2128    0.3560    0.0000 C   0  0  0  0  0  0
   -1.0640   -0.4313    0.0000 C   0  0  0  0  0  0
   -1.0206   -1.9306    0.0000 O   0  0  0  0  0  0
   -2.3842    0.2808    0.0000 N   0  0  0  0  0  0
   -3.6610   -0.5065    0.0000 C   0  0  0  0  0  0
   -4.9812    0.2056    0.0000 C   0  0  0  0  0  0
   -5.0246    1.7050    0.0000 O   0  0  0  0  0  0
   -6.2580   -0.5817    0.0000 N   0  0  0  0  0  0
   -7.5782    0.1304    0.0000 C   0  0  0  0  0  0
   -8.8550   -0.6568    0.0000 C   0  0  0  0  0  0
  -10.1752    0.0552    0.0000 O   0  0  0  0  0  0
  -11.2469    1.6985    0.0000 C   0  0  0  0  0  0
   -9.7582    1.8825    0.0000 C   0  0  0  0  0  0
   -9.1732    3.2638    0.0000 C   0  0  0  0  0  0
   -8.8545    0.6853    0.0000 C   0  0  0  0  0  0
   -7.3658    0.8694    0.0000 C   0  0  0  0  0  0
   -6.7809    2.2506    0.0000 N   0  0  0  0  0  0
   -5.2922    2.4346    0.0000 C   0  0  0  0  0  0
   -4.7072    3.8158    0.0000 O   0  0  0  0  0  0
   -4.3885    1.2374    0.0000 C   0  0  0  0  0  0
   -6.4621   -0.3279    0.0000 C   0  0  0  0  0  0
   -7.0471   -1.7091    0.0000 O   0  0  0  0  0  0
   -4.9735   -0.1438    0.0000 N   0  0  0  0  0  0
   -4.0698   -1.3411    0.0000 C   0  0  0  0  0  0
   -4.6547   -2.7223    0.0000 C   0  0  0  0  0  0
   -6.0360   -2.1373    0.0000 C   0  0  0  0  0  0
   -3.2735   -3.3073    0.0000 C   0  0  0  0  0  0
   -5.2397   -4.1035    0.0000 C   0  0  0  0  0  0
   -2.5811   -1.1570    0.0000 C   0  0  0  0  0  0
   -1.6774   -2.3543    0.0000 O   0  0  0  0  0  0
   -1.9961    0.2242    0.0000 N   0  0  0  0  0  0
   -2.7697    1.5093    0.0000 C   0  0  0  0  0  0
   -1.7866    2.6422    0.0000 C   0  0  0  0  0  0
   -2.1252    4.1035    0.0000 O   0  0  0  0  0  0
   -0.4053    2.0572    0.0000 C   0  0  0  0  0  0
   -0.5349    0.5628    0.0000 C   0  0  0  0  0  0
    0.5980   -0.4203    0.0000 C   0  0  0  0  0  0
    0.3130   -1.8930    0.0000 O   0  0  0  0  0  0
    2.0159    0.0692    0.0000 N   0  0  0  0  0  0
    3.1488   -0.9140    0.0000 C   0  0  0  0  0  0
    4.5666   -0.4245    0.0000 C   0  0  0  0  0  0
    5.6995   -1.4076    0.0000 C   0  0  0  0  0  0
    7.1174   -0.9181    0.0000 C   0  0  0  0  0  0
    4.8516    1.0482    0.0000 C   0  0  0  0  0  0
    6.2695    1.5377    0.0000 C   0  0  0  0  0  0
    7.4024    0.5545    0.0000 C   0  0  0  0  0  0
    8.8203    1.0440    0.0000 C   0  0  0  0  0  0
    9.2577    2.4789    0.0000 S   0  0  0  0  0  0
   10.7574    2.5063    0.0000 C   0  0  0  0  0  0
   11.2469    1.0884    0.0000 N   0  0  0  0  0  0
   10.0497    0.1847    0.0000 C   0  0  0  0  0  0
   10.0771   -1.3151    0.0000 C   0  0  0  0  0  0
  1  2  2  0  0  0  0
  2  3  1  0  0  0  0
  3  4  2  0  0  0  0
  4  5  1  0  0  0  0
  5  6  2  0  0  0  0
  6  7  1  0  0  0  0
  7  8  1  0  0  0  0
  8  9  2  0  0  0  0
  4 10  1  0  0  0  0
  3 11  1  0  0  0  0
  6  1  1  0  0  0  0
 12 13  1  0  0  0  0
 13 14  1  0  0  0  0
 14 15  2  0  0  0  0
 14 16  1  0  0  0  0
 16 17  1  0  0  0  0
 17 18  1  0  0  0  0
 18 19  2  0  0  0  0
 18 20  1  0  0  0  0
 20 21  1  0  0  0  0
 21 22  1  0  0  0  0
 22 23  2  0  0  0  0
 22 24  1  0  0  0  0
 24 25  1  0  0  0  0
 25 26  1  0  0  0  0
 26 27  2  0  0  0  0
 26 28  1  0  0  0  0
 28 29  1  0  0  0  0
 29 30  1  0  0  0  0
 30 31  2  0  0  0  0
  8 30  1  0  0  0  0
 33 32  1  6  0  0  0
 33 35  1  0  0  0  0
 33 34  1  0  0  0  0
 36 35  1  6  0  0  0
 36 41  1  0  0  0  0
 36 37  1  0  0  0  0
 37 38  1  0  0  0  0
 38 40  1  0  0  0  0
 38 39  2  0  0  0  0
 41 43  1  0  0  0  0
 41 42  2  0  0  0  0
 44 43  1  6  0  0  0
 44 49  1  0  0  0  0
 44 45  1  0  0  0  0
 45 47  1  1  0  0  0
 45 48  1  0  0  0  0
 45 46  1  0  0  0  0
 49 51  1  0  0  0  0
 49 50  2  0  0  0  0
 51 56  1  0  0  0  0
 51 52  1  0  0  0  0
 52 53  1  0  0  0  0
 53 55  1  0  0  0  0
 53 54  1  6  0  0  0
 55 56  1  0  0  0  0
 56 57  1  1  0  0  0
 57 59  1  0  0  0  0
 57 58  2  0  0  0  0
 59 60  1  0  0  0  0
 60 61  1  0  0  0  0
 61 64  2  0  0  0  0
 61 62  1  0  0  0  0
 62 63  2  0  0  0  0
 63 66  1  0  0  0  0
 64 65  1  0  0  0  0
 65 66  2  0  0  0  0
 66 67  1  0  0  0  0
 67 71  2  0  0  0  0
 67 68  1  0  0  0  0
 68 69  1  0  0  0  0
 69 70  2  0  0  0  0
 70 71  1  0  0  0  0
 71 72  1  0  0  0  0
 12 72  1  0  0  0  0
M  END",CC(=O)N[C@@H](CC(C)C)C(=O)N[C@H](C(=O)N1C[C@H](O)C[C@H]1C(=O)NCc1ccc(-c2scnc2CNCC(=O)NCC(=O)NCC(=O)NCC(=O)NCC(=O)C(=O)Cc2ccc(Cl)c(Cl)c2)cc1)C(C)(C)C
2026-05-19T09:42:49.905244Z,web,127.0.0.1,"Molecule from ChemDoodle Web Components

http://www.ichemlabs.com
 12 12  0  0  0  0            999 V2000
   -3.9496   -0.0268    0.0000 C   0  0  0  0  0  0
   -3.5236    1.4114    0.0000 C   0  0  0  0  0  0
   -2.0650    1.7615    0.0000 C   0  0  0  0  0  0
   -1.0325    0.6734    0.0000 C   0  0  0  0  0  0
   -1.4586   -0.7648    0.0000 C   0  0  0  0  0  0
   -2.9172   -1.1149    0.0000 C   0  0  0  0  0  0
    0.4260    1.0235    0.0000 O   0  0  0  0  0  0
    1.4585   -0.0646    0.0000 C   0  0  0  0  0  0
    2.9172    0.2855    0.0000 C   0  0  0  0  0  0
    3.3433    1.7237    0.0000 O   0  0  0  0  0  0
    3.9496   -0.8026    0.0000 O   0  0  0  0  0  0
    3.6656   -1.7615    0.0000 R1  0  0  0  0  0  0
  1  2  2  0  0  0  0
  2  3  1  0  0  0  0
  3  4  2  0  0  0  0
  4  5  1  0  0  0  0
  5  6  2  0  0  0  0
  4  7  1  0  0  0  0
  7  8  1  0  0  0  0
  8  9  1  0  0  0  0
  9 10  2  0  0  0  0
  9 11  1  0  0  0  0
  6  1  1  0  0  0  0
 11 12  1  0  0  0  0
M  END","Molecule from ChemDoodle Web Components

http://www.ichemlabs.com
  4  3  0  0  0  0            999 V2000
   -0.7500    0.0000    0.0000 C   0  0  0  0  0  0
    0.7500    0.0000    0.0000 O   0  0  0  0  0  0
    1.2500   -0.8660    0.0000 R2  0  0  0  0  0  0
   -1.2500    0.8660    0.0000 R1  0  0  0  0  0  0
  1  2  1  0  0  0  0
  2  3  1  0  0  0  0
  1  4  1  0  0  0  0
M  END","Molecule from ChemDoodle Web Components

http://www.ichemlabs.com
 30 32  0  0  0  0            999 V2000
   -8.7863   -1.3127    0.0000 C   0  0  0  0  0  0
   -7.5106   -2.1016    0.0000 C   0  0  0  0  0  0
   -6.2348   -2.8905    0.0000 C   0  0  0  0  0  0
   -8.2995   -3.3774    0.0000 C   0  0  0  0  0  0
   -6.7217   -0.8258    0.0000 C   0  0  0  0  0  0
   -5.2223   -0.8711    0.0000 C   0  0  0  0  0  0
   -4.5119   -2.1922    0.0000 O   0  0  0  0  0  0
   -4.4334    0.4047    0.0000 N   0  0  0  0  0  0
   -5.0018    1.7928    0.0000 C   0  0  0  0  0  0
   -3.8573    2.7623    0.0000 C   0  0  0  0  0  0
   -3.9690    4.2582    0.0000 O   0  0  0  0  0  0
   -2.5815    1.9734    0.0000 C   0  0  0  0  0  0
   -2.9376    0.5163    0.0000 C   0  0  0  0  0  0
   -1.9680   -0.6282    0.0000 C   0  0  0  0  0  0
   -2.4745   -2.0402    0.0000 O   0  0  0  0  0  0
   -0.4921   -0.3608    0.0000 N   0  0  0  0  0  0
    0.4775   -1.5054    0.0000 C   0  0  0  0  0  0
    1.9535   -1.2380    0.0000 C   0  0  0  0  0  0
    2.9230   -2.3825    0.0000 C   0  0  0  0  0  0
    4.3990   -2.1151    0.0000 C   0  0  0  0  0  0
    2.4599    0.1739    0.0000 C   0  0  0  0  0  0
    3.9359    0.4413    0.0000 C   0  0  0  0  0  0
    4.9054   -0.7032    0.0000 C   0  0  0  0  0  0
    6.3814   -0.4358    0.0000 C   0  0  0  0  0  0
    7.0326    0.9154    0.0000 O   0  0  0  0  0  0
    8.5190    0.7136    0.0000 C   0  0  0  0  0  0
    8.7863   -0.7623    0.0000 N   0  0  0  0  0  0
    7.4653   -1.4727    0.0000 C   0  0  0  0  0  0
    7.2635   -2.9591    0.0000 C   0  0  0  0  0  0
   -7.8259   -4.2582    0.0000 R2  0  0  0  0  0  0
  2  1  1  6  0  0  0
  2  3  1  0  0  0  0
  2  5  1  0  0  0  0
  2  4  1  0  0  0  0
  5  6  1  0  0  0  0
  6  8  1  0  0  0  0
  6  7  2  0  0  0  0
  8 13  1  0  0  0  0
  8  9  1  0  0  0  0
  9 10  1  0  0  0  0
 10 12  1  0  0  0  0
 10 11  1  6  0  0  0
 12 13  1  0  0  0  0
 13 14  1  1  0  0  0
 14 16  1  0  0  0  0
 14 15  2  0  0  0  0
 16 17  1  0  0  0  0
 17 18  1  0  0  0  0
 18 19  1  0  0  0  0
 18 21  2  0  0  0  0
 19 20  2  0  0  0  0
 20 23  1  0  0  0  0
 21 22  1  0  0  0  0
 22 23  2  0  0  0  0
 23 24  1  0  0  0  0
 24 28  2  0  0  0  0
 24 25  1  0  0  0  0
 25 26  1  0  0  0  0
 26 27  2  0  0  0  0
 27 28  1  0  0  0  0
 28 29  1  0  0  0  0
  4 30  1  0  0  0  0
M  END","Molecule from ChemDoodle Web Components

http://www.ichemlabs.com
 42 45  0  0  0  0            999 V2000
   -3.9496   -0.4672    0.0000 C   0  0  0  0  0  0
   -3.5236    0.9710    0.0000 C   0  0  0  0  0  0
   -2.0650    1.3211    0.0000 C   0  0  0  0  0  0
   -1.0325    0.2330    0.0000 C   0  0  0  0  0  0
   -1.4586   -1.2052    0.0000 C   0  0  0  0  0  0
   -2.9172   -1.5553    0.0000 C   0  0  0  0  0  0
    0.4260    0.5831    0.0000 O   0  0  0  0  0  0
    1.4585   -0.5050    0.0000 C   0  0  0  0  0  0
    2.9172   -0.1549    0.0000 C   0  0  0  0  0  0
    3.3433    1.2833    0.0000 O   0  0  0  0  0  0
    3.9496   -1.2430    0.0000 O   0  0  0  0  0  0
   -0.7500   -0.4404    0.0000 C   0  0  0  0  0  0
    0.7500   -0.4404    0.0000 O   0  0  0  0  0  0
   -8.7863   -1.7531    0.0000 C   0  0  0  0  0  0
   -7.5106   -2.5420    0.0000 C   0  0  0  0  0  0
   -6.2348   -3.3309    0.0000 C   0  0  0  0  0  0
   -8.2995   -3.8178    0.0000 C   0  0  0  0  0  0
   -6.7217   -1.2662    0.0000 C   0  0  0  0  0  0
   -5.2223   -1.3115    0.0000 C   0  0  0  0  0  0
   -4.5119   -2.6326    0.0000 O   0  0  0  0  0  0
   -4.4334   -0.0357    0.0000 N   0  0  0  0  0  0
   -5.0018    1.3524    0.0000 C   0  0  0  0  0  0
   -3.8573    2.3219    0.0000 C   0  0  0  0  0  0
   -3.9690    3.8178    0.0000 O   0  0  0  0  0  0
   -2.5815    1.5330    0.0000 C   0  0  0  0  0  0
   -2.9376    0.0759    0.0000 C   0  0  0  0  0  0
   -1.9680   -1.0686    0.0000 C   0  0  0  0  0  0
   -2.4745   -2.4806    0.0000 O   0  0  0  0  0  0
   -0.4921   -0.8012    0.0000 N   0  0  0  0  0  0
    0.4775   -1.9458    0.0000 C   0  0  0  0  0  0
    1.9535   -1.6784    0.0000 C   0  0  0  0  0  0
    2.9230   -2.8229    0.0000 C   0  0  0  0  0  0
    4.3990   -2.5555    0.0000 C   0  0  0  0  0  0
    2.4599   -0.2665    0.0000 C   0  0  0  0  0  0
    3.9359    0.0009    0.0000 C   0  0  0  0  0  0
    4.9054   -1.1436    0.0000 C   0  0  0  0  0  0
    6.3814   -0.8762    0.0000 C   0  0  0  0  0  0
    7.0326    0.4750    0.0000 O   0  0  0  0  0  0
    8.5190    0.2732    0.0000 C   0  0  0  0  0  0
    8.7863   -1.2027    0.0000 N   0  0  0  0  0  0
    7.4653   -1.9131    0.0000 C   0  0  0  0  0  0
    7.2635   -3.3995    0.0000 C   0  0  0  0  0  0
  1  2  2  0  0  0  0
  2  3  1  0  0  0  0
  3  4  2  0  0  0  0
  4  5  1  0  0  0  0
  5  6  2  0  0  0  0
  4  7  1  0  0  0  0
  7  8  1  0  0  0  0
  8  9  1  0  0  0  0
  9 10  2  0  0  0  0
  9 11  1  0  0  0  0
  6  1  1  0  0  0  0
 12 13  1  0  0  0  0
 11 12  1  0  0  0  0
 15 14  1  6  0  0  0
 15 16  1  0  0  0  0
 15 18  1  0  0  0  0
 15 17  1  0  0  0  0
 18 19  1  0  0  0  0
 19 21  1  0  0  0  0
 19 20  2  0  0  0  0
 21 26  1  0  0  0  0
 21 22  1  0  0  0  0
 22 23  1  0  0  0  0
 23 25  1  0  0  0  0
 23 24  1  6  0  0  0
 25 26  1  0  0  0  0
 26 27  1  1  0  0  0
 27 29  1  0  0  0  0
 27 28  2  0  0  0  0
 29 30  1  0  0  0  0
 30 31  1  0  0  0  0
 31 32  1  0  0  0  0
 31 34  2  0  0  0  0
 32 33  2  0  0  0  0
 33 36  1  0  0  0  0
 34 35  1  0  0  0  0
 35 36  2  0  0  0  0
 36 37  1  0  0  0  0
 37 41  2  0  0  0  0
 37 38  1  0  0  0  0
 38 39  1  0  0  0  0
 39 40  2  0  0  0  0
 40 41  1  0  0  0  0
 41 42  1  0  0  0  0
 13 17  1  0  0  0  0
M  END",Cc1ncoc1-c1ccc(CNC(=O)[C@@H]2C[C@@H](O)CN2C(=O)CC(C)(C)COCOC(=O)COc2ccccc2)cc1
2026-05-19T11:30:57.699551Z,web,127.0.0.1,"Molecule from ChemDoodle Web Components

http://www.ichemlabs.com
 10 10  0  0  0  0            999 V2000
   -3.1092   -0.3950    0.0000 C   0  0  0  0  0  0
   -1.7521    0.2440    0.0000 C   0  0  0  0  0  0
   -0.4374   -0.4784    0.0000 C   0  0  0  0  0  0
    0.6558    0.5486    0.0000 C   0  0  0  0  0  0
    0.0168    1.9058    0.0000 N   0  0  0  0  0  0
   -1.4713    1.7174    0.0000 O   0  0  0  0  0  0
    2.1293    0.2679    0.0000 C   0  0  0  0  0  0
    3.1092    1.4036    0.0000 O   0  0  0  0  0  0
    2.6229   -1.1486    0.0000 O   0  0  0  0  0  0
    1.9696   -1.9058    0.0000 R1  0  0  0  0  0  0
  1  2  1  0  0  0  0
  2  3  2  0  0  0  0
  3  4  1  0  0  0  0
  4  5  2  0  0  0  0
  5  6  1  0  0  0  0
  4  7  1  0  0  0  0
  7  8  2  0  0  0  0
  7  9  1  0  0  0  0
  6  2  1  0  0  0  0
  9 10  1  0  0  0  0
M  END","Molecule from ChemDoodle Web Components

http://www.ichemlabs.com
 13 12  0  0  0  0            999 V2000
   -7.7942   -0.3750    0.0000 R1  0  0  0  0  0  0
   -6.4952    0.3750    0.0000 C   0  0  0  0  0  0
   -5.1962   -0.3750    0.0000 C   0  0  0  0  0  0
   -3.8971    0.3750    0.0000 C   0  0  0  0  0  0
   -2.5981   -0.3750    0.0000 C   0  0  0  0  0  0
   -1.2990    0.3750    0.0000 C   0  0  0  0  0  0
    0.0000   -0.3750    0.0000 C   0  0  0  0  0  0
    1.2990    0.3750    0.0000 C   0  0  0  0  0  0
    2.5981   -0.3750    0.0000 C   0  0  0  0  0  0
    3.8971    0.3750    0.0000 C   0  0  0  0  0  0
    5.1962   -0.3750    0.0000 C   0  0  0  0  0  0
    6.4952    0.3750    0.0000 C   0  0  0  0  0  0
    7.7942   -0.3750    0.0000 R2  0  0  0  0  0  0
  1  2  1  0  0  0  0
  2  3  1  0  0  0  0
  3  4  1  0  0  0  0
  4  5  1  0  0  0  0
  5  6  1  0  0  0  0
  6  7  1  0  0  0  0
  7  8  1  0  0  0  0
  8  9  1  0  0  0  0
  9 10  1  0  0  0  0
 10 11  1  0  0  0  0
 11 12  1  0  0  0  0
 12 13  1  0  0  0  0
M  END","Molecule from ChemDoodle Web Components

http://www.ichemlabs.com
 41 45  0  0  0  0            999 V2000
    6.7475   -0.2443    0.0000 N   0  0  0  0  0  0
    6.3864    1.2116    0.0000 C   0  0  0  0  0  0
    7.2267    2.4541    0.0000 C   0  0  0  0  0  0
    6.5708    3.8031    0.0000 C   0  0  0  0  0  0
    7.4111    5.0457    0.0000 Cl  0  0  0  0  0  0
    5.4744   -1.0376    0.0000 C   0  0  0  0  0  0
    5.3679   -2.5338    0.0000 O   0  0  0  0  0  0
    4.3265   -0.0721    0.0000 C   0  0  0  0  0  0
    3.7629   -1.4621    0.0000 C   0  0  0  0  0  0
    4.5562   -2.7351    0.0000 C   0  0  0  0  0  0
    3.8504   -4.0587    0.0000 C   0  0  0  0  0  0
    5.1739   -4.7645    0.0000 C   0  0  0  0  0  0
    2.5268   -3.3528    0.0000 C   0  0  0  0  0  0
    3.1445   -5.3823    0.0000 C   0  0  0  0  0  0
    2.2667   -1.3556    0.0000 N   0  0  0  0  0  0
    3.1787    0.8936    0.0000 C   0  0  0  0  0  0
    3.2851    2.3898    0.0000 C   0  0  0  0  0  0
    2.0426    3.2302    0.0000 C   0  0  0  0  0  0
    2.1491    4.7264    0.0000 C   0  0  0  0  0  0
    3.4981    5.3823    0.0000 C   0  0  0  0  0  0
    4.6341    3.0457    0.0000 C   0  0  0  0  0  0
    5.8767    2.2054    0.0000 F   0  0  0  0  0  0
    4.7406    4.5419    0.0000 C   0  0  0  0  0  0
    6.0896    5.1978    0.0000 Cl  0  0  0  0  0  0
    1.9056    0.1003    0.0000 C   0  0  0  0  0  0
    0.5155    0.6640    0.0000 C   0  0  0  0  0  0
   -0.6676   -0.2581    0.0000 N   0  0  0  0  0  0
   -2.0577    0.3056    0.0000 C   0  0  0  0  0  0
   -2.2646    1.7912    0.0000 C   0  0  0  0  0  0
   -3.2409   -0.6165    0.0000 C   0  0  0  0  0  0
   -4.6309   -0.0528    0.0000 C   0  0  0  0  0  0
   -4.8379    1.4328    0.0000 C   0  0  0  0  0  0
   -6.2280    1.9964    0.0000 C   0  0  0  0  0  0
   -7.4111    1.0744    0.0000 O   0  0  0  0  0  0
   -6.4349    3.4821    0.0000 N   0  0  0  0  0  0
   -3.6547    2.3548    0.0000 C   0  0  0  0  0  0
    0.3086    2.1496    0.0000 O   0  0  0  0  0  0
    4.8902    1.3181    0.0000 C   0  0  0  0  0  0
    4.2343    2.6671    0.0000 C   0  0  0  0  0  0
    5.0746    3.9096    0.0000 C   0  0  0  0  0  0
   -5.6461    4.0967    0.0000 R2  0  0  0  0  0  0
  1  6  1  0  0  0  0
  1  2  1  0  0  0  0
  2  3  1  0  0  0  0
  2 38  2  0  0  0  0
  3  4  2  0  0  0  0
  4  5  1  0  0  0  0
  4 40  1  0  0  0  0
  6  7  2  0  0  0  0
  8  6  1  6  0  0  0
  8  9  1  0  0  0  0
  8 38  1  0  0  0  0
  8 16  1  0  0  0  0
  9 10  1  6  0  0  0
  9 15  1  0  0  0  0
 10 11  1  0  0  0  0
 11 14  1  1  0  0  0
 11 12  1  0  0  0  0
 11 13  1  0  0  0  0
 15 25  1  0  0  0  0
 16 25  1  0  0  0  0
 16 17  1  6  0  0  0
 17 18  2  0  0  0  0
 17 21  1  0  0  0  0
 18 19  1  0  0  0  0
 19 20  2  0  0  0  0
 20 23  1  0  0  0  0
 21 22  1  0  0  0  0
 21 23  2  0  0  0  0
 23 24  1  0  0  0  0
 25 26  1  1  0  0  0
 26 27  1  0  0  0  0
 26 37  2  0  0  0  0
 27 28  1  0  0  0  0
 28 30  2  0  0  0  0
 28 29  1  0  0  0  0
 29 36  2  0  0  0  0
 30 31  1  0  0  0  0
 31 32  2  0  0  0  0
 32 33  1  0  0  0  0
 32 36  1  0  0  0  0
 33 35  1  0  0  0  0
 33 34  2  0  0  0  0
 38 39  1  0  0  0  0
 39 40  2  0  0  0  0
 35 41  1  0  0  0  0
M  END","Molecule from ChemDoodle Web Components

http://www.ichemlabs.com
 60 65  0  0  0  0            999 V2000
   -3.1092   -0.3950    0.0000 C   0  0  0  0  0  0
   -1.7521    0.2440    0.0000 C   0  0  0  0  0  0
   -0.4374   -0.4784    0.0000 C   0  0  0  0  0  0
    0.6558    0.5486    0.0000 C   0  0  0  0  0  0
    0.0168    1.9058    0.0000 N   0  0  0  0  0  0
   -1.4713    1.7174    0.0000 O   0  0  0  0  0  0
    2.1293    0.2679    0.0000 C   0  0  0  0  0  0
    3.1092    1.4036    0.0000 O   0  0  0  0  0  0
    2.6229   -1.1486    0.0000 O   0  0  0  0  0  0
   -6.4952    0.3750    0.0000 C   0  0  0  0  0  0
   -5.1962   -0.3750    0.0000 C   0  0  0  0  0  0
   -3.8971    0.3750    0.0000 C   0  0  0  0  0  0
   -2.5981   -0.3750    0.0000 C   0  0  0  0  0  0
   -1.2990    0.3750    0.0000 C   0  0  0  0  0  0
    0.0000   -0.3750    0.0000 C   0  0  0  0  0  0
    1.2990    0.3750    0.0000 C   0  0  0  0  0  0
    2.5981   -0.3750    0.0000 C   0  0  0  0  0  0
    3.8971    0.3750    0.0000 C   0  0  0  0  0  0
    5.1962   -0.3750    0.0000 C   0  0  0  0  0  0
    6.4952    0.3750    0.0000 C   0  0  0  0  0  0
    6.7475   -0.2443    0.0000 N   0  0  0  0  0  0
    6.3864    1.2116    0.0000 C   0  0  0  0  0  0
    7.2267    2.4541    0.0000 C   0  0  0  0  0  0
    6.5708    3.8031    0.0000 C   0  0  0  0  0  0
    7.4111    5.0457    0.0000 Cl  0  0  0  0  0  0
    5.4744   -1.0376    0.0000 C   0  0  0  0  0  0
    5.3679   -2.5338    0.0000 O   0  0  0  0  0  0
    4.3265   -0.0721    0.0000 C   0  0  0  0  0  0
    3.7629   -1.4621    0.0000 C   0  0  0  0  0  0
    4.5562   -2.7351    0.0000 C   0  0  0  0  0  0
    3.8504   -4.0587    0.0000 C   0  0  0  0  0  0
    5.1739   -4.7645    0.0000 C   0  0  0  0  0  0
    2.5268   -3.3528    0.0000 C   0  0  0  0  0  0
    3.1445   -5.3823    0.0000 C   0  0  0  0  0  0
    2.2667   -1.3556    0.0000 N   0  0  0  0  0  0
    3.1787    0.8936    0.0000 C   0  0  0  0  0  0
    3.2851    2.3898    0.0000 C   0  0  0  0  0  0
    2.0426    3.2302    0.0000 C   0  0  0  0  0  0
    2.1491    4.7264    0.0000 C   0  0  0  0  0  0
    3.4981    5.3823    0.0000 C   0  0  0  0  0  0
    4.6341    3.0457    0.0000 C   0  0  0  0  0  0
    5.8767    2.2054    0.0000 F   0  0  0  0  0  0
    4.7406    4.5419    0.0000 C   0  0  0  0  0  0
    6.0896    5.1978    0.0000 Cl  0  0  0  0  0  0
    1.9056    0.1003    0.0000 C   0  0  0  0  0  0
    0.5155    0.6640    0.0000 C   0  0  0  0  0  0
   -0.6676   -0.2581    0.0000 N   0  0  0  0  0  0
   -2.0577    0.3056    0.0000 C   0  0  0  0  0  0
   -2.2646    1.7912    0.0000 C   0  0  0  0  0  0
   -3.2409   -0.6165    0.0000 C   0  0  0  0  0  0
   -4.6309   -0.0528    0.0000 C   0  0  0  0  0  0
   -4.8379    1.4328    0.0000 C   0  0  0  0  0  0
   -6.2280    1.9964    0.0000 C   0  0  0  0  0  0
   -7.4111    1.0744    0.0000 O   0  0  0  0  0  0
   -6.4349    3.4821    0.0000 N   0  0  0  0  0  0
   -3.6547    2.3548    0.0000 C   0  0  0  0  0  0
    0.3086    2.1496    0.0000 O   0  0  0  0  0  0
    4.8902    1.3181    0.0000 C   0  0  0  0  0  0
    4.2343    2.6671    0.0000 C   0  0  0  0  0  0
    5.0746    3.9096    0.0000 C   0  0  0  0  0  0
  1  2  1  0  0  0  0
  2  3  2  0  0  0  0
  3  4  1  0  0  0  0
  4  5  2  0  0  0  0
  5  6  1  0  0  0  0
  4  7  1  0  0  0  0
  7  8  2  0  0  0  0
  7  9  1  0  0  0  0
  6  2  1  0  0  0  0
 10 11  1  0  0  0  0
 11 12  1  0  0  0  0
 12 13  1  0  0  0  0
 13 14  1  0  0  0  0
 14 15  1  0  0  0  0
 15 16  1  0  0  0  0
 16 17  1  0  0  0  0
 17 18  1  0  0  0  0
 18 19  1  0  0  0  0
 19 20  1  0  0  0  0
  9 10  1  0  0  0  0
 21 26  1  0  0  0  0
 21 22  1  0  0  0  0
 22 23  1  0  0  0  0
 22 58  2  0  0  0  0
 23 24  2  0  0  0  0
 24 25  1  0  0  0  0
 24 60  1  0  0  0  0
 26 27  2  0  0  0  0
 28 26  1  6  0  0  0
 28 29  1  0  0  0  0
 28 58  1  0  0  0  0
 28 36  1  0  0  0  0
 29 30  1  6  0  0  0
 29 35  1  0  0  0  0
 30 31  1  0  0  0  0
 31 34  1  1  0  0  0
 31 32  1  0  0  0  0
 31 33  1  0  0  0  0
 35 45  1  0  0  0  0
 36 45  1  0  0  0  0
 36 37  1  6  0  0  0
 37 38  2  0  0  0  0
 37 41  1  0  0  0  0
 38 39  1  0  0  0  0
 39 40  2  0  0  0  0
 40 43  1  0  0  0  0
 41 42  1  0  0  0  0
 41 43  2  0  0  0  0
 43 44  1  0  0  0  0
 45 46  1  1  0  0  0
 46 47  1  0  0  0  0
 46 57  2  0  0  0  0
 47 48  1  0  0  0  0
 48 50  2  0  0  0  0
 48 49  1  0  0  0  0
 49 56  2  0  0  0  0
 50 51  1  0  0  0  0
 51 52  2  0  0  0  0
 52 53  1  0  0  0  0
 52 56  1  0  0  0  0
 53 55  1  0  0  0  0
 53 54  2  0  0  0  0
 58 59  1  0  0  0  0
 59 60  2  0  0  0  0
 20 55  1  0  0  0  0
M  END",Cc1cc(C(=O)OCCCCCCCCCCCNC(=O)c2ccc(NC(=O)[C@@H]3N[C@@H](CC(C)(C)C)[C@@]4(C(=O)Nc5cc(Cl)ccc54)[C@H]3c3cccc(Cl)c3F)cc2)no1
2026-05-19T11:33:45.145319Z,web,127.0.0.1,"Molecule from ChemDoodle Web Components

http://www.ichemlabs.com
 24 25  0  0  0  0            999 V2000
    7.4079   -1.7358    0.0000 C   0  0  0  0  0  0
    5.9142   -1.5983    0.0000 C   0  0  0  0  0  0
    4.4634   -1.9800    0.0000 C   0  0  0  0  0  0
    3.4076   -0.9145    0.0000 C   0  0  0  0  0  0
    3.8024    0.5326    0.0000 C   0  0  0  0  0  0
    5.2530    0.9143    0.0000 C   0  0  0  0  0  0
    6.3089   -0.1512    0.0000 N   0  0  0  0  0  0
    4.6254    2.2766    0.0000 C   0  0  0  0  0  0
    6.4857    1.7690    0.0000 C   0  0  0  0  0  0
    1.9570   -1.2961    0.0000 N   0  0  0  0  0  0
    0.9011   -0.2307    0.0000 C   0  0  0  0  0  0
    1.2959    1.2164    0.0000 O   0  0  0  0  0  0
   -0.5495   -0.6123    0.0000 C   0  0  0  0  0  0
   -0.9442   -2.0594    0.0000 O   0  0  0  0  0  0
   -1.6053    0.4531    0.0000 N   0  0  0  0  0  0
   -3.0560    0.0715    0.0000 C   0  0  0  0  0  0
   -4.1118    1.1370    0.0000 C   0  0  0  0  0  0
   -5.5624    0.7553    0.0000 C   0  0  0  0  0  0
   -5.9572   -0.6918    0.0000 C   0  0  0  0  0  0
   -4.9014   -1.7573    0.0000 C   0  0  0  0  0  0
   -3.4508   -1.3756    0.0000 C   0  0  0  0  0  0
   -7.4079   -1.0734    0.0000 Cl  0  0  0  0  0  0
    6.0380   -3.0932    0.0000 C   0  0  0  0  0  0
    5.2027    3.0932    0.0000 R1  0  0  0  0  0  0
  1  2  1  0  0  0  0
  2  3  1  0  0  0  0
  3  4  1  0  0  0  0
  4  5  1  0  0  0  0
  5  6  1  0  0  0  0
  6  7  1  0  0  0  0
  6  8  1  0  0  0  0
  6  9  1  0  0  0  0
  4 10  1  0  0  0  0
 10 11  1  0  0  0  0
 11 12  2  0  0  0  0
 11 13  1  0  0  0  0
 13 14  2  0  0  0  0
 13 15  1  0  0  0  0
 15 16  1  0  0  0  0
 16 17  1  0  0  0  0
 17 18  2  0  0  0  0
 18 19  1  0  0  0  0
 19 20  2  0  0  0  0
 20 21  1  0  0  0  0
 19 22  1  0  0  0  0
  2 23  1  0  0  0  0
  7  2  1  0  0  0  0
 21 16  2  0  0  0  0
  8 24  1  0  0  0  0
M  END","Molecule from ChemDoodle Web Components

http://www.ichemlabs.com
 21 20  0  0  0  0            999 V2000
    9.7496   -0.1305    0.0000 R1  0  0  0  0  0  0
    8.4294    0.5816    0.0000 C   0  0  0  0  0  0
    7.1526   -0.2057    0.0000 C   0  0  0  0  0  0
    7.1960   -1.7050    0.0000 O   0  0  0  0  0  0
    5.8324    0.5064    0.0000 N   0  0  0  0  0  0
    4.5556   -0.2809    0.0000 C   0  0  0  0  0  0
    3.2354    0.4312    0.0000 C   0  0  0  0  0  0
    3.1920    1.9306    0.0000 O   0  0  0  0  0  0
    1.9586   -0.3561    0.0000 N   0  0  0  0  0  0
    0.6384    0.3560    0.0000 C   0  0  0  0  0  0
   -0.6384   -0.4313    0.0000 C   0  0  0  0  0  0
   -0.5950   -1.9306    0.0000 O   0  0  0  0  0  0
   -1.9586    0.2808    0.0000 N   0  0  0  0  0  0
   -3.2354   -0.5065    0.0000 C   0  0  0  0  0  0
   -4.5556    0.2056    0.0000 C   0  0  0  0  0  0
   -4.5990    1.7050    0.0000 O   0  0  0  0  0  0
   -5.8324   -0.5817    0.0000 N   0  0  0  0  0  0
   -7.1526    0.1304    0.0000 C   0  0  0  0  0  0
   -8.4294   -0.6568    0.0000 C   0  0  0  0  0  0
   -9.7496    0.0552    0.0000 O   0  0  0  0  0  0
   -8.4005   -1.6564    0.0000 R2  0  0  0  0  0  0
  1  2  1  0  0  0  0
  2  3  1  0  0  0  0
  3  4  2  0  0  0  0
  3  5  1  0  0  0  0
  5  6  1  0  0  0  0
  6  7  1  0  0  0  0
  7  8  2  0  0  0  0
  7  9  1  0  0  0  0
  9 10  1  0  0  0  0
 10 11  1  0  0  0  0
 11 12  2  0  0  0  0
 11 13  1  0  0  0  0
 13 14  1  0  0  0  0
 14 15  1  0  0  0  0
 15 16  2  0  0  0  0
 15 17  1  0  0  0  0
 17 18  1  0  0  0  0
 18 19  1  0  0  0  0
 19 20  2  0  0  0  0
 19 21  1  0  0  0  0
M  END","Molecule from ChemDoodle Web Components

http://www.ichemlabs.com
 32 36  0  0  0  0            999 V2000
   -6.0191   -1.8794    0.0000 C   0  0  0  0  0  0
   -7.4468   -2.3394    0.0000 Cl  0  0  0  0  0  0
   -5.7036   -0.4130    0.0000 C   0  0  0  0  0  0
   -4.2759    0.0470    0.0000 C   0  0  0  0  0  0
   -3.1636   -0.9595    0.0000 C   0  0  0  0  0  0
   -3.4792   -2.4259    0.0000 C   0  0  0  0  0  0
   -4.9069   -2.8859    0.0000 C   0  0  0  0  0  0
   -2.1820   -3.1791    0.0000 N   0  0  0  0  0  0
   -1.0648   -2.1782    0.0000 C   0  0  0  0  0  0
    0.4017   -2.4937    0.0000 C   0  0  0  0  0  0
    0.8616   -3.9215    0.0000 R2  0  0  0  0  0  0
    1.4081   -1.3815    0.0000 O   0  0  0  0  0  0
   -1.6715   -0.8064    0.0000 C   0  0  0  0  0  0
   -0.9182    0.4908    0.0000 C   0  0  0  0  0  0
   -1.5249    1.8626    0.0000 C   0  0  0  0  0  0
   -2.9914    2.1781    0.0000 C   0  0  0  0  0  0
   -3.4514    3.6059    0.0000 C   0  0  0  0  0  0
   -4.9178    3.9214    0.0000 C   0  0  0  0  0  0
   -5.9243    2.8092    0.0000 C   0  0  0  0  0  0
   -5.4643    1.3814    0.0000 C   0  0  0  0  0  0
   -3.9978    1.0659    0.0000 C   0  0  0  0  0  0
   -0.4077    2.8635    0.0000 N   0  0  0  0  0  0
    0.8894    2.1103    0.0000 C   0  0  0  0  0  0
    0.5739    0.6439    0.0000 N   0  0  0  0  0  0
    1.5748   -0.4734    0.0000 C   0  0  0  0  0  0
    3.0428   -0.1651    0.0000 C   0  0  0  0  0  0
    4.0438   -1.2824    0.0000 C   0  0  0  0  0  0
    5.5118   -0.9741    0.0000 C   0  0  0  0  0  0
    5.9788    0.4513    0.0000 C   0  0  0  0  0  0
    7.4468    0.7595    0.0000 Cl  0  0  0  0  0  0
    4.9779    1.5685    0.0000 C   0  0  0  0  0  0
    3.5099    1.2603    0.0000 C   0  0  0  0  0  0
  1  2  1  0  0  0  0
  1  3  1  0  0  0  0
  1  7  2  0  0  0  0
  3  4  2  0  0  0  0
  4  5  1  0  0  0  0
  5  6  2  0  0  0  0
  5 13  1  0  0  0  0
  6  7  1  0  0  0  0
  6  8  1  0  0  0  0
  8  9  1  0  0  0  0
  9 10  1  0  0  0  0
  9 13  2  0  0  0  0
 10 11  1  0  0  0  0
 10 12  2  0  0  0  0
 13 14  1  0  0  0  0
 14 15  2  0  0  0  0
 14 24  1  0  0  0  0
 15 16  1  0  0  0  0
 15 22  1  0  0  0  0
 16 17  2  0  0  0  0
 16 21  1  0  0  0  0
 17 18  1  0  0  0  0
 18 19  2  0  0  0  0
 19 20  1  0  0  0  0
 20 21  2  0  0  0  0
 22 23  2  0  0  0  0
 23 24  1  0  0  0  0
 24 25  1  0  0  0  0
 25 26  1  0  0  0  0
 26 27  1  0  0  0  0
 26 32  2  0  0  0  0
 27 28  2  0  0  0  0
 28 29  1  0  0  0  0
 29 30  1  0  0  0  0
 29 31  2  0  0  0  0
 31 32  1  0  0  0  0
M  END","Molecule from ChemDoodle Web Components

http://www.ichemlabs.com
 73 79  0  0  0  0            999 V2000
    8.0680   -2.1069    0.0000 C   0  0  0  0  0  0
    6.5743   -1.9694    0.0000 C   0  0  0  0  0  0
    5.1235   -2.3511    0.0000 C   0  0  0  0  0  0
    4.0677   -1.2856    0.0000 C   0  0  0  0  0  0
    4.4625    0.1615    0.0000 C   0  0  0  0  0  0
    5.9131    0.5432    0.0000 C   0  0  0  0  0  0
    6.9690   -0.5223    0.0000 N   0  0  0  0  0  0
    5.2855    1.9055    0.0000 C   0  0  0  0  0  0
    7.1458    1.3978    0.0000 C   0  0  0  0  0  0
    2.6171   -1.6672    0.0000 N   0  0  0  0  0  0
    1.5612   -0.6018    0.0000 C   0  0  0  0  0  0
    1.9560    0.8453    0.0000 O   0  0  0  0  0  0
    0.1106   -0.9834    0.0000 C   0  0  0  0  0  0
   -0.2841   -2.4306    0.0000 O   0  0  0  0  0  0
   -0.9452    0.0820    0.0000 N   0  0  0  0  0  0
   -2.3959   -0.2996    0.0000 C   0  0  0  0  0  0
   -3.4517    0.7659    0.0000 C   0  0  0  0  0  0
   -4.9023    0.3842    0.0000 C   0  0  0  0  0  0
   -5.2971   -1.0629    0.0000 C   0  0  0  0  0  0
   -4.2413   -2.1284    0.0000 C   0  0  0  0  0  0
   -2.7907   -1.7468    0.0000 C   0  0  0  0  0  0
   -6.7478   -1.4445    0.0000 Cl  0  0  0  0  0  0
    6.6981   -3.4643    0.0000 C   0  0  0  0  0  0
    9.0895    0.2105    0.0000 C   0  0  0  0  0  0
    7.8127   -0.5768    0.0000 C   0  0  0  0  0  0
    7.8561   -2.0761    0.0000 O   0  0  0  0  0  0
    6.4925    0.1353    0.0000 N   0  0  0  0  0  0
    5.2157   -0.6520    0.0000 C   0  0  0  0  0  0
    3.8955    0.0601    0.0000 C   0  0  0  0  0  0
    3.8521    1.5595    0.0000 O   0  0  0  0  0  0
    2.6187   -0.7272    0.0000 N   0  0  0  0  0  0
    1.2985   -0.0151    0.0000 C   0  0  0  0  0  0
    0.0217   -0.8024    0.0000 C   0  0  0  0  0  0
    0.0651   -2.3017    0.0000 O   0  0  0  0  0  0
   -1.2985   -0.0903    0.0000 N   0  0  0  0  0  0
   -2.5753   -0.8776    0.0000 C   0  0  0  0  0  0
   -3.8955   -0.1655    0.0000 C   0  0  0  0  0  0
   -3.9389    1.3339    0.0000 O   0  0  0  0  0  0
   -5.1723   -0.9528    0.0000 N   0  0  0  0  0  0
   -6.4925   -0.2407    0.0000 C   0  0  0  0  0  0
   -7.7693   -1.0279    0.0000 C   0  0  0  0  0  0
   -9.0895   -0.3159    0.0000 O   0  0  0  0  0  0
   -5.3590   -2.2505    0.0000 C   0  0  0  0  0  0
   -6.7867   -2.7106    0.0000 Cl  0  0  0  0  0  0
   -5.0435   -0.7841    0.0000 C   0  0  0  0  0  0
   -3.6158   -0.3241    0.0000 C   0  0  0  0  0  0
   -2.5035   -1.3306    0.0000 C   0  0  0  0  0  0
   -2.8191   -2.7971    0.0000 C   0  0  0  0  0  0
   -4.2468   -3.2570    0.0000 C   0  0  0  0  0  0
   -1.5219   -3.5502    0.0000 N   0  0  0  0  0  0
   -0.4047   -2.5493    0.0000 C   0  0  0  0  0  0
    1.0618   -2.8648    0.0000 C   0  0  0  0  0  0
    2.0682   -1.7526    0.0000 O   0  0  0  0  0  0
   -1.0114   -1.1775    0.0000 C   0  0  0  0  0  0
   -0.2581    0.1197    0.0000 C   0  0  0  0  0  0
   -0.8648    1.4915    0.0000 C   0  0  0  0  0  0
   -2.3313    1.8070    0.0000 C   0  0  0  0  0  0
   -2.7913    3.2347    0.0000 C   0  0  0  0  0  0
   -4.2577    3.5502    0.0000 C   0  0  0  0  0  0
   -5.2642    2.4381    0.0000 C   0  0  0  0  0  0
   -4.8042    1.0103    0.0000 C   0  0  0  0  0  0
   -3.3377    0.6948    0.0000 C   0  0  0  0  0  0
    0.2524    2.4924    0.0000 N   0  0  0  0  0  0
    1.5495    1.7391    0.0000 C   0  0  0  0  0  0
    1.2340    0.2728    0.0000 N   0  0  0  0  0  0
    2.2349   -0.8445    0.0000 C   0  0  0  0  0  0
    3.7029   -0.5362    0.0000 C   0  0  0  0  0  0
    4.7039   -1.6535    0.0000 C   0  0  0  0  0  0
    6.1719   -1.3452    0.0000 C   0  0  0  0  0  0
    6.6389    0.0802    0.0000 C   0  0  0  0  0  0
    8.1069    0.3884    0.0000 Cl  0  0  0  0  0  0
    5.6380    1.1974    0.0000 C   0  0  0  0  0  0
    4.1700    0.8892    0.0000 C   0  0  0  0  0  0
  1  2  1  0  0  0  0
  2  3  1  0  0  0  0
  3  4  1  0  0  0  0
  4  5  1  0  0  0  0
  5  6  1  0  0  0  0
  6  7  1  0  0  0  0
  6  8  1  0  0  0  0
  6  9  1  0  0  0  0
  4 10  1  0  0  0  0
 10 11  1  0  0  0  0
 11 12  2  0  0  0  0
 11 13  1  0  0  0  0
 13 14  2  0  0  0  0
 13 15  1  0  0  0  0
 15 16  1  0  0  0  0
 16 17  1  0  0  0  0
 17 18  2  0  0  0  0
 18 19  1  0  0  0  0
 19 20  2  0  0  0  0
 20 21  1  0  0  0  0
 19 22  1  0  0  0  0
  2 23  1  0  0  0  0
  7  2  1  0  0  0  0
 21 16  2  0  0  0  0
 24 25  1  0  0  0  0
 25 26  2  0  0  0  0
 25 27  1  0  0  0  0
 27 28  1  0  0  0  0
 28 29  1  0  0  0  0
 29 30  2  0  0  0  0
 29 31  1  0  0  0  0
 31 32  1  0  0  0  0
 32 33  1  0  0  0  0
 33 34  2  0  0  0  0
 33 35  1  0  0  0  0
 35 36  1  0  0  0  0
 36 37  1  0  0  0  0
 37 38  2  0  0  0  0
 37 39  1  0  0  0  0
 39 40  1  0  0  0  0
 40 41  1  0  0  0  0
 41 42  2  0  0  0  0
  8 24  1  0  0  0  0
 43 44  1  0  0  0  0
 43 45  1  0  0  0  0
 43 49  2  0  0  0  0
 45 46  2  0  0  0  0
 46 47  1  0  0  0  0
 47 48  2  0  0  0  0
 47 54  1  0  0  0  0
 48 49  1  0  0  0  0
 48 50  1  0  0  0  0
 50 51  1  0  0  0  0
 51 52  1  0  0  0  0
 51 54  2  0  0  0  0
 52 53  2  0  0  0  0
 54 55  1  0  0  0  0
 55 56  2  0  0  0  0
 55 65  1  0  0  0  0
 56 57  1  0  0  0  0
 56 63  1  0  0  0  0
 57 58  2  0  0  0  0
 57 62  1  0  0  0  0
 58 59  1  0  0  0  0
 59 60  2  0  0  0  0
 60 61  1  0  0  0  0
 61 62  2  0  0  0  0
 63 64  2  0  0  0  0
 64 65  1  0  0  0  0
 65 66  1  0  0  0  0
 66 67  1  0  0  0  0
 67 68  1  0  0  0  0
 67 73  2  0  0  0  0
 68 69  2  0  0  0  0
 69 70  1  0  0  0  0
 70 71  1  0  0  0  0
 70 72  2  0  0  0  0
 72 73  1  0  0  0  0
 41 52  1  0  0  0  0
M  END",CC1(C)CC(NC(=O)C(=O)Nc2ccc(Cl)cc2)CC(C)(CCC(=O)NCC(=O)NCC(=O)NCC(=O)NCC(=O)C(=O)c2[nH]c3cc(Cl)ccc3c2-c2c(-c3ccccc3)ncn2Cc2ccc(Cl)cc2)N1
2026-05-19T11:37:53.580334Z,web,127.0.0.1,"Molecule from ChemDoodle Web Components

http://www.ichemlabs.com
 13 13  0  0  0  0            999 V2000
   -0.5024   -1.1271    0.0000 C   0  0  0  0  0  0
   -1.8984   -1.6761    0.0000 C   0  0  0  0  0  0
   -3.0718   -0.7416    0.0000 C   0  0  0  0  0  0
   -2.8492    0.7418    0.0000 C   0  0  0  0  0  0
   -1.4533    1.2907    0.0000 C   0  0  0  0  0  0
   -0.2799    0.3563    0.0000 C   0  0  0  0  0  0
    1.1160    0.9053    0.0000 C   0  0  0  0  0  0
    2.2894   -0.0291    0.0000 C   0  0  0  0  0  0
    2.0669   -1.5125    0.0000 O   0  0  0  0  0  0
    3.6854    0.5199    0.0000 O   0  0  0  0  0  0
   -4.0226    1.6762    0.0000 Cl  0  0  0  0  0  0
   -4.4677   -1.2906    0.0000 Cl  0  0  0  0  0  0
    4.4677   -0.1031    0.0000 R1  0  0  0  0  0  0
  1  2  2  0  0  0  0
  2  3  1  0  0  0  0
  3  4  2  0  0  0  0
  4  5  1  0  0  0  0
  5  6  2  0  0  0  0
  6  7  1  0  0  0  0
  7  8  1  0  0  0  0
  8  9  2  0  0  0  0
  8 10  1  0  0  0  0
  4 11  1  0  0  0  0
  3 12  1  0  0  0  0
  6  1  1  0  0  0  0
 10 13  1  0  0  0  0
M  END","Molecule from ChemDoodle Web Components

http://www.ichemlabs.com
 14 13  0  0  0  0            999 V2000
   -8.4468   -0.2996    0.0000 R1  0  0  0  0  0  0
   -7.1411    0.4388    0.0000 C   0  0  0  0  0  0
   -5.8488   -0.3228    0.0000 C   0  0  0  0  0  0
   -4.5431    0.4156    0.0000 C   0  0  0  0  0  0
   -3.2508   -0.3460    0.0000 C   0  0  0  0  0  0
   -1.9451    0.3924    0.0000 C   0  0  0  0  0  0
   -0.6528   -0.3692    0.0000 C   0  0  0  0  0  0
    0.6528    0.3692    0.0000 C   0  0  0  0  0  0
    1.9451   -0.3924    0.0000 C   0  0  0  0  0  0
    3.2508    0.3460    0.0000 C   0  0  0  0  0  0
    4.5431   -0.4156    0.0000 C   0  0  0  0  0  0
    5.8488    0.3228    0.0000 C   0  0  0  0  0  0
    7.1411   -0.4388    0.0000 C   0  0  0  0  0  0
    8.4468    0.2996    0.0000 R2  0  0  0  0  0  0
  1  2  1  0  0  0  0
  2  3  1  0  0  0  0
  3  4  1  0  0  0  0
  4  5  1  0  0  0  0
  5  6  1  0  0  0  0
  6  7  1  0  0  0  0
  7  8  1  0  0  0  0
  8  9  1  0  0  0  0
  9 10  1  0  0  0  0
 10 11  1  0  0  0  0
 11 12  1  0  0  0  0
 12 13  1  0  0  0  0
 13 14  1  0  0  0  0
M  END","Molecule from ChemDoodle Web Components

http://www.ichemlabs.com
 28 31  0  0  0  0            999 V2000
    1.2230   -2.2165    0.0000 C   0  0  0  0  0  0
   -0.8668   -0.9823    0.0000 C   0  0  0  0  0  0
    0.2577    0.0103    0.0000 C   0  0  0  0  0  0
    1.5493   -0.7523    0.0000 C   0  0  0  0  0  0
   -0.2702   -2.3585    0.0000 N   0  0  0  0  0  0
    2.3278   -3.2311    0.0000 C   0  0  0  0  0  0
    2.9804   -0.3028    0.0000 C   0  0  0  0  0  0
    4.0852   -1.3175    0.0000 C   0  0  0  0  0  0
    3.7589   -2.7816    0.0000 C   0  0  0  0  0  0
   -4.8140    1.1407    0.0000 C   0  0  0  0  0  0
   -5.9188    2.1553    0.0000 Cl  0  0  0  0  0  0
   -3.3829    1.5901    0.0000 C   0  0  0  0  0  0
   -2.2781    0.5755    0.0000 C   0  0  0  0  0  0
   -0.8471    1.0251    0.0000 C   0  0  0  0  0  0
    1.1513    1.2151    0.0000 C   0  0  0  0  0  0
   -2.6044   -0.8886    0.0000 C   0  0  0  0  0  0
   -4.0355   -1.3380    0.0000 C   0  0  0  0  0  0
   -5.1403   -0.3234    0.0000 C   0  0  0  0  0  0
    2.6415    1.0437    0.0000 C   0  0  0  0  0  0
    3.5350    2.2486    0.0000 N   0  0  0  0  0  0
    2.9384    3.6248    0.0000 C   0  0  0  0  0  0
    1.4483    3.7962    0.0000 C   0  0  0  0  0  0
    0.5547    2.5915    0.0000 C   0  0  0  0  0  0
   -1.7523   -1.0046    0.0000 O   0  0  0  0  0  0
    4.8637   -3.7963    0.0000 Cl  0  0  0  0  0  0
    5.0252    2.0770    0.0000 C   0  0  0  0  0  0
    5.6218    0.7007    0.0000 O   0  0  0  0  0  0
    5.9188    3.2818    0.0000 R2  0  0  0  0  0  0
  1  6  1  0  0  0  0
  1  5  1  0  0  0  0
  1  4  2  0  0  0  0
  2  5  1  0  0  0  0
  2 24  2  0  0  0  0
  2  3  1  0  0  0  0
  3  4  1  0  0  0  0
  3 14  1  6  0  0  0
  3 15  1  0  0  0  0
  4  7  1  0  0  0  0
  6  9  2  0  0  0  0
  7  8  2  0  0  0  0
  8  9  1  0  0  0  0
  9 25  1  0  0  0  0
 10 11  1  0  0  0  0
 10 18  1  0  0  0  0
 10 12  2  0  0  0  0
 12 13  1  0  0  0  0
 13 16  2  0  0  0  0
 13 14  1  0  0  0  0
 15 23  1  1  0  0  0
 15 19  1  0  0  0  0
 16 17  1  0  0  0  0
 17 18  2  0  0  0  0
 19 20  1  0  0  0  0
 20 26  1  0  0  0  0
 20 21  1  0  0  0  0
 21 22  1  0  0  0  0
 22 23  1  0  0  0  0
 26 28  1  0  0  0  0
 26 27  2  0  0  0  0
M  END","Molecule from ChemDoodle Web Components

http://www.ichemlabs.com
 51 55  0  0  0  0            999 V2000
   -0.5024   -1.1270    0.0000 C   0  0  0  0  0  0
   -1.8984   -1.6760    0.0000 C   0  0  0  0  0  0
   -3.0718   -0.7415    0.0000 C   0  0  0  0  0  0
   -2.8492    0.7419    0.0000 C   0  0  0  0  0  0
   -1.4533    1.2908    0.0000 C   0  0  0  0  0  0
   -0.2799    0.3564    0.0000 C   0  0  0  0  0  0
    1.1160    0.9054    0.0000 C   0  0  0  0  0  0
    2.2894   -0.0290    0.0000 C   0  0  0  0  0  0
    2.0669   -1.5124    0.0000 O   0  0  0  0  0  0
    3.6854    0.5200    0.0000 O   0  0  0  0  0  0
   -4.0226    1.6763    0.0000 Cl  0  0  0  0  0  0
   -4.4677   -1.2905    0.0000 Cl  0  0  0  0  0  0
   -7.1411    0.4389    0.0000 C   0  0  0  0  0  0
   -5.8488   -0.3227    0.0000 C   0  0  0  0  0  0
   -4.5431    0.4157    0.0000 C   0  0  0  0  0  0
   -3.2508   -0.3459    0.0000 C   0  0  0  0  0  0
   -1.9451    0.3925    0.0000 C   0  0  0  0  0  0
   -0.6528   -0.3691    0.0000 C   0  0  0  0  0  0
    0.6528    0.3693    0.0000 C   0  0  0  0  0  0
    1.9451   -0.3923    0.0000 C   0  0  0  0  0  0
    3.2508    0.3461    0.0000 C   0  0  0  0  0  0
    4.5431   -0.4155    0.0000 C   0  0  0  0  0  0
    5.8488    0.3229    0.0000 C   0  0  0  0  0  0
    7.1411   -0.4387    0.0000 C   0  0  0  0  0  0
    1.2230   -2.2164    0.0000 C   0  0  0  0  0  0
   -0.8668   -0.9822    0.0000 C   0  0  0  0  0  0
    0.2577    0.0104    0.0000 C   0  0  0  0  0  0
    1.5493   -0.7522    0.0000 C   0  0  0  0  0  0
   -0.2702   -2.3584    0.0000 N   0  0  0  0  0  0
    2.3278   -3.2310    0.0000 C   0  0  0  0  0  0
    2.9804   -0.3027    0.0000 C   0  0  0  0  0  0
    4.0852   -1.3174    0.0000 C   0  0  0  0  0  0
    3.7589   -2.7816    0.0000 C   0  0  0  0  0  0
   -4.8140    1.1408    0.0000 C   0  0  0  0  0  0
   -5.9188    2.1554    0.0000 Cl  0  0  0  0  0  0
   -3.3829    1.5902    0.0000 C   0  0  0  0  0  0
   -2.2781    0.5756    0.0000 C   0  0  0  0  0  0
   -0.8471    1.0252    0.0000 C   0  0  0  0  0  0
    1.1513    1.2152    0.0000 C   0  0  0  0  0  0
   -2.6044   -0.8885    0.0000 C   0  0  0  0  0  0
   -4.0355   -1.3379    0.0000 C   0  0  0  0  0  0
   -5.1403   -0.3233    0.0000 C   0  0  0  0  0  0
    2.6415    1.0438    0.0000 C   0  0  0  0  0  0
    3.5350    2.2487    0.0000 N   0  0  0  0  0  0
    2.9384    3.6248    0.0000 C   0  0  0  0  0  0
    1.4483    3.7962    0.0000 C   0  0  0  0  0  0
    0.5547    2.5916    0.0000 C   0  0  0  0  0  0
   -1.7523   -1.0045    0.0000 O   0  0  0  0  0  0
    4.8637   -3.7962    0.0000 Cl  0  0  0  0  0  0
    5.0252    2.0771    0.0000 C   0  0  0  0  0  0
    5.6218    0.7008    0.0000 O   0  0  0  0  0  0
  1  2  2  0  0  0  0
  2  3  1  0  0  0  0
  3  4  2  0  0  0  0
  4  5  1  0  0  0  0
  5  6  2  0  0  0  0
  6  7  1  0  0  0  0
  7  8  1  0  0  0  0
  8  9  2  0  0  0  0
  8 10  1  0  0  0  0
  4 11  1  0  0  0  0
  3 12  1  0  0  0  0
  6  1  1  0  0  0  0
 13 14  1  0  0  0  0
 14 15  1  0  0  0  0
 15 16  1  0  0  0  0
 16 17  1  0  0  0  0
 17 18  1  0  0  0  0
 18 19  1  0  0  0  0
 19 20  1  0  0  0  0
 20 21  1  0  0  0  0
 21 22  1  0  0  0  0
 22 23  1  0  0  0  0
 23 24  1  0  0  0  0
 10 13  1  0  0  0  0
 25 30  1  0  0  0  0
 25 29  1  0  0  0  0
 25 28  2  0  0  0  0
 26 29  1  0  0  0  0
 26 48  2  0  0  0  0
 26 27  1  0  0  0  0
 27 28  1  0  0  0  0
 27 38  1  6  0  0  0
 27 39  1  0  0  0  0
 28 31  1  0  0  0  0
 30 33  2  0  0  0  0
 31 32  2  0  0  0  0
 32 33  1  0  0  0  0
 33 49  1  0  0  0  0
 34 35  1  0  0  0  0
 34 42  1  0  0  0  0
 34 36  2  0  0  0  0
 36 37  1  0  0  0  0
 37 40  2  0  0  0  0
 37 38  1  0  0  0  0
 39 47  1  1  0  0  0
 39 43  1  0  0  0  0
 40 41  1  0  0  0  0
 41 42  2  0  0  0  0
 43 44  1  0  0  0  0
 44 50  1  0  0  0  0
 44 45  1  0  0  0  0
 45 46  1  0  0  0  0
 46 47  1  0  0  0  0
 50 51  2  0  0  0  0
 24 50  1  0  0  0  0
M  END",O=C(Cc1ccc(Cl)c(Cl)c1)OCCCCCCCCCCCCC(=O)N1CCC[C@H]([C@]2(Cc3cccc(Cl)c3)C(=O)Nc3cc(Cl)ccc32)C1
2026-05-19T13:28:07.979192Z,web,127.0.0.1,"Molecule from ChemDoodle Web Components

http://www.ichemlabs.com
 12 12  0  0  0  0            999 V2000
   -0.1112   -1.1271    0.0000 C   0  0  0  0  0  0
   -1.5073   -1.6761    0.0000 C   0  0  0  0  0  0
   -2.6806   -0.7416    0.0000 C   0  0  0  0  0  0
   -2.4581    0.7418    0.0000 C   0  0  0  0  0  0
   -1.0621    1.2907    0.0000 C   0  0  0  0  0  0
    0.1112    0.3563    0.0000 C   0  0  0  0  0  0
    1.5071    0.9053    0.0000 C   0  0  0  0  0  0
    2.6805   -0.0291    0.0000 C   0  0  0  0  0  0
    2.4581   -1.5125    0.0000 O   0  0  0  0  0  0
    4.0766    0.5199    0.0000 R1  0  0  0  0  0  0
   -3.6315    1.6762    0.0000 Cl  0  0  0  0  0  0
   -4.0766   -1.2906    0.0000 Cl  0  0  0  0  0  0
  1  2  2  0  0  0  0
  2  3  1  0  0  0  0
  3  4  2  0  0  0  0
  4  5  1  0  0  0  0
  5  6  2  0  0  0  0
  6  7  1  0  0  0  0
  7  8  1  0  0  0  0
  8  9  2  0  0  0  0
  8 10  1  0  0  0  0
  4 11  1  0  0  0  0
  3 12  1  0  0  0  0
  6  1  1  0  0  0  0
M  END","Molecule from ChemDoodle Web Components

http://www.ichemlabs.com
 10 10  0  0  0  0            999 V2000
    3.0000    0.0000    0.0000 C   0  0  0  0  0  0
    1.5000    0.0000    0.0000 C   0  0  0  0  0  0
    0.0000    0.0000    0.0000 C   0  0  0  0  0  0
   -0.7500   -1.2990    0.0000 C   0  0  0  0  0  0
   -2.2500   -1.2990    0.0000 C   0  0  0  0  0  0
   -3.0000    0.0000    0.0000 N   0  0  0  0  0  0
   -2.2500    1.2990    0.0000 C   0  0  0  0  0  0
   -0.7500    1.2990    0.0000 C   0  0  0  0  0  0
   -4.0000    0.0000    0.0000 R2  0  0  0  0  0  0
    4.0000    0.0000    0.0000 R1  0  0  0  0  0  0
  1  2  3  0  0  0  0
  2  3  1  0  0  0  0
  3  4  1  0  0  0  0
  4  5  1  0  0  0  0
  5  6  1  0  0  0  0
  6  7  1  0  0  0  0
  7  8  1  0  0  0  0
  8  3  1  0  0  0  0
  6  9  1  0  0  0  0
  1 10  1  0  0  0  0
M  END","Molecule from ChemDoodle Web Components

http://www.ichemlabs.com
 21 23  0  0  0  0            999 V2000
   -1.0272   -2.7001    0.0000 O   0  0  0  0  0  0
   -1.7444   -1.3827    0.0000 C   0  0  0  0  0  0
   -3.2440   -1.3452    0.0000 N   0  0  0  0  0  0
   -3.9613   -0.0279    0.0000 C   0  0  0  0  0  0
   -5.4608    0.0097    0.0000 O   0  0  0  0  0  0
   -3.1790    1.2520    0.0000 C   0  0  0  0  0  0
   -1.6795    1.2145    0.0000 C   0  0  0  0  0  0
   -0.9622   -0.1029    0.0000 C   0  0  0  0  0  0
    0.5373   -0.1404    0.0000 N   0  0  0  0  0  0
    5.4233   -1.0128    0.0000 C   0  0  0  0  0  0
    4.1060   -1.7301    0.0000 C   0  0  0  0  0  0
    2.8261   -0.9478    0.0000 C   0  0  0  0  0  0
    2.8636    0.5517    0.0000 C   0  0  0  0  0  0
    0.8893   -2.7901    0.0000 O   0  0  0  0  0  0
    1.0214    2.4885    0.0000 O   0  0  0  0  0  0
    4.1810    1.2690    0.0000 C   0  0  0  0  0  0
    5.4608    0.4867    0.0000 C   0  0  0  0  0  0
    1.4491    1.0507    0.0000 C   0  0  0  0  0  0
    1.3884   -1.3755    0.0000 C   0  0  0  0  0  0
    4.2060    2.2686    0.0000 C   0  0  0  0  0  0
    3.3527    2.7901    0.0000 R2  0  0  0  0  0  0
  1  2  2  0  0  0  0
  2  3  1  0  0  0  0
  2  8  1  0  0  0  0
  3  4  1  0  0  0  0
  4  5  2  0  0  0  0
  4  6  1  0  0  0  0
  6  7  1  0  0  0  0
  7  8  1  0  0  0  0
  8  9  1  6  0  0  0
  9 18  1  0  0  0  0
  9 19  1  0  0  0  0
 10 11  1  0  0  0  0
 10 17  2  0  0  0  0
 11 12  2  0  0  0  0
 12 13  1  0  0  0  0
 12 19  1  0  0  0  0
 13 16  2  0  0  0  0
 13 18  1  0  0  0  0
 14 19  2  0  0  0  0
 15 18  2  0  0  0  0
 16 17  1  0  0  0  0
 16 20  1  0  0  0  0
 20 21  1  0  0  0  0
M  END","Molecule from ChemDoodle Web Components

http://www.ichemlabs.com
 39 43  0  0  0  0            999 V2000
   -0.1112   -0.9763    0.0000 C   0  0  0  0  0  0
   -1.5073   -1.5253    0.0000 C   0  0  0  0  0  0
   -2.6806   -0.5908    0.0000 C   0  0  0  0  0  0
   -2.4581    0.8926    0.0000 C   0  0  0  0  0  0
   -1.0621    1.4415    0.0000 C   0  0  0  0  0  0
    0.1112    0.5071    0.0000 C   0  0  0  0  0  0
    1.5071    1.0561    0.0000 C   0  0  0  0  0  0
    2.6805    0.1217    0.0000 C   0  0  0  0  0  0
    2.4581   -1.3617    0.0000 O   0  0  0  0  0  0
   -3.6315    1.8270    0.0000 Cl  0  0  0  0  0  0
   -4.0766   -1.1398    0.0000 Cl  0  0  0  0  0  0
    3.0000    0.1508    0.0000 C   0  0  0  0  0  0
    1.5000    0.1508    0.0000 C   0  0  0  0  0  0
    0.0000    0.1508    0.0000 C   0  0  0  0  0  0
   -0.7500   -1.1482    0.0000 C   0  0  0  0  0  0
   -2.2500   -1.1482    0.0000 C   0  0  0  0  0  0
   -3.0000    0.1508    0.0000 N   0  0  0  0  0  0
   -2.2500    1.4498    0.0000 C   0  0  0  0  0  0
   -0.7500    1.4498    0.0000 C   0  0  0  0  0  0
   -1.0272   -2.5493    0.0000 O   0  0  0  0  0  0
   -1.7444   -1.2319    0.0000 C   0  0  0  0  0  0
   -3.2440   -1.1944    0.0000 N   0  0  0  0  0  0
   -3.9613    0.1229    0.0000 C   0  0  0  0  0  0
   -5.4608    0.1605    0.0000 O   0  0  0  0  0  0
   -3.1790    1.4028    0.0000 C   0  0  0  0  0  0
   -1.6795    1.3653    0.0000 C   0  0  0  0  0  0
   -0.9622    0.0479    0.0000 C   0  0  0  0  0  0
    0.5373    0.0104    0.0000 N   0  0  0  0  0  0
    5.4233   -0.8620    0.0000 C   0  0  0  0  0  0
    4.1060   -1.5793    0.0000 C   0  0  0  0  0  0
    2.8261   -0.7970    0.0000 C   0  0  0  0  0  0
    2.8636    0.7025    0.0000 C   0  0  0  0  0  0
    0.8893   -2.6393    0.0000 O   0  0  0  0  0  0
    1.0214    2.6393    0.0000 O   0  0  0  0  0  0
    4.1810    1.4198    0.0000 C   0  0  0  0  0  0
    5.4608    0.6375    0.0000 C   0  0  0  0  0  0
    1.4491    1.2015    0.0000 C   0  0  0  0  0  0
    1.3884   -1.2247    0.0000 C   0  0  0  0  0  0
    4.2060    2.4194    0.0000 C   0  0  0  0  0  0
  1  2  2  0  0  0  0
  2  3  1  0  0  0  0
  3  4  2  0  0  0  0
  4  5  1  0  0  0  0
  5  6  2  0  0  0  0
  6  7  1  0  0  0  0
  7  8  1  0  0  0  0
  8  9  2  0  0  0  0
  4 10  1  0  0  0  0
  3 11  1  0  0  0  0
  6  1  1  0  0  0  0
 12 13  3  0  0  0  0
 13 14  1  0  0  0  0
 14 15  1  0  0  0  0
 15 16  1  0  0  0  0
 16 17  1  0  0  0  0
 17 18  1  0  0  0  0
 18 19  1  0  0  0  0
 19 14  1  0  0  0  0
  8 12  1  0  0  0  0
 20 21  2  0  0  0  0
 21 22  1  0  0  0  0
 21 27  1  0  0  0  0
 22 23  1  0  0  0  0
 23 24  2  0  0  0  0
 23 25  1  0  0  0  0
 25 26  1  0  0  0  0
 26 27  1  0  0  0  0
 27 28  1  6  0  0  0
 28 37  1  0  0  0  0
 28 38  1  0  0  0  0
 29 30  1  0  0  0  0
 29 36  2  0  0  0  0
 30 31  2  0  0  0  0
 31 32  1  0  0  0  0
 31 38  1  0  0  0  0
 32 35  2  0  0  0  0
 32 37  1  0  0  0  0
 33 38  2  0  0  0  0
 34 37  2  0  0  0  0
 35 36  1  0  0  0  0
 35 39  1  0  0  0  0
 17 39  1  0  0  0  0
M  END",O=C(C#CC1CCN(Cc2cccc3c2C(=O)N([C@H]2CCC(=O)NC2=O)C3=O)CC1)Cc1ccc(Cl)c(Cl)c1
